<?xml version="1.0" encoding="UTF-8"?>
<manifest xmlns="http://www.ibm.com/xmlns/prod/ba/vipr/vizBundle/manifest.1">
    <Bundle-SymbolicName>com.ibm.vis.custom.vornonai</Bundle-SymbolicName>
    <Bundle-Name>vornonai</Bundle-Name>
    <Bundle-ManifestVersion>1.0</Bundle-ManifestVersion>
    <Bundle-Version>1.0</Bundle-Version>
    <Bundle-Type>visualization</Bundle-Type>
    <ServiceDefinition>vizdef.xml</ServiceDefinition>
    <Bundle-Nls lang="js">./nls/Resources</Bundle-Nls>
    <ServiceBindings>
        <Service format="client" lang="js" class="renderer/Main" apiversion="1.0" />
        <Dependency type="css" resource="static/css1.css" />
    </ServiceBindings>
</manifest>
